City_ID,City,Lat,Lng,Max Temp,Humidity,Cloudiness,Wind Speed,Country,Date
0,behbahan,30.5959,50.2417,56.64,84,100,9.35,IR,1676248707
1,kaitangata,-46.2817,169.8464,71.65,52,30,13.96,NZ,1676248708
2,provideniya,64.3833,-173.3,-7.49,54,75,13.42,RU,1676248708
3,rikitea,-23.1203,-134.9692,79.56,64,8,3.94,PF,1676248709
4,bluff,-46.6,168.3333,66.79,74,6,6.71,NZ,1676248710
5,puerto ayora,-0.7393,-90.3518,79.56,92,21,3.0,EC,1676248710
6,busselton,-33.65,115.3333,73.4,43,0,9.55,AU,1676248710
7,avarua,-21.2078,-159.775,84.25,74,20,6.91,CK,1676248711
8,hambantota,6.1241,81.1185,73.74,100,40,2.3,LK,1676248711
9,palmer,42.1584,-72.3287,40.5,59,75,3.44,US,1676248712
10,kanigiri,15.4,79.5167,68.4,50,68,6.46,IN,1676248712
11,vostok,46.4856,135.8833,6.67,85,100,5.32,RU,1676248713
12,barrow,71.2906,-156.7887,-18.38,76,0,11.5,US,1676248713
13,valparaiso,-33.0393,-71.6273,65.84,82,0,6.91,CL,1676248654
14,torbay,47.6666,-52.7314,23.29,91,100,6.91,CA,1676248714
15,opuwo,-18.0607,13.84,69.64,40,66,4.65,NA,1676248714
16,novikovo,51.1537,37.8879,17.15,91,83,13.47,RU,1676248715
17,port elizabeth,-33.918,25.5701,73.09,88,75,11.5,ZA,1676248715
18,bethel,41.3712,-73.414,41.32,55,0,0.0,US,1676248716
19,yellowknife,62.456,-114.3525,-1.44,84,40,5.75,CA,1676248716
20,ereymentau,51.6199,73.1033,-4.05,98,75,8.34,KZ,1676248716
21,mataura,-46.1927,168.8643,66.47,37,67,2.35,NZ,1676248717
22,phan thiet,10.9333,108.1,79.52,65,100,6.22,VN,1676248717
23,cap malheureux,-19.9842,57.6142,75.47,72,3,1.99,MU,1676248717
24,denpasar,-8.65,115.2167,80.26,94,75,12.66,ID,1676248718
25,albany,42.6001,-73.9662,36.59,65,100,1.97,US,1676248211
26,georgetown,5.4112,100.3354,79.95,93,20,4.61,MY,1676248512
27,jamestown,42.097,-79.2353,36.01,60,100,1.99,US,1676248719
28,tezu,27.9167,96.1667,59.4,78,98,3.42,IN,1676248719
29,cape town,-33.9258,18.4232,69.89,88,0,11.5,ZA,1676248666
30,port hardy,50.6996,-127.4199,46.58,93,75,6.91,CA,1676248720
31,iqaluit,63.7506,-68.5145,-25.31,74,20,11.5,CA,1676248720
32,baykit,61.67,96.37,-18.17,100,90,1.74,RU,1676248721
33,voh,-20.9667,164.7,80.83,56,11,9.84,NC,1676248721
34,hobart,-42.8794,147.3294,69.26,49,40,12.66,AU,1676248722
35,ushuaia,-54.8,-68.3,47.86,57,40,9.22,AR,1676248476
36,port alfred,-33.5906,26.891,71.19,97,90,5.01,ZA,1676248723
37,port lincoln,-34.7333,135.8667,64.71,58,13,13.2,AU,1676248723
38,mitu,1.1983,-70.1733,73.65,97,100,2.19,CO,1676248723
39,seddon,-37.8068,144.8916,66.7,51,75,18.41,AU,1676248724
40,purkersdorf,48.1951,16.1626,38.84,86,7,2.98,AT,1676248724
41,asau,46.4333,26.4,23.92,93,45,4.94,RO,1676248725
42,hermanus,-34.4187,19.2345,63.81,82,0,5.95,ZA,1676248725
43,dekalb,33.7504,-84.2333,43.34,81,100,11.5,US,1676248725
44,mount gambier,-37.8333,140.7667,65.44,48,17,8.63,AU,1676248700
45,esperance,-33.8667,121.9,68.07,56,0,9.24,AU,1676248726
46,souillac,-20.5167,57.5167,77.38,73,40,6.91,MU,1676248726
47,maniitsoq,65.4167,-52.9,-9.51,91,31,7.56,GL,1676248727
48,kapit,2.0167,112.9333,73.18,98,100,0.76,MY,1676248727
49,yulara,-25.2406,130.9889,94.71,16,6,16.26,AU,1676248727
50,deputatskiy,69.3,139.9,-41.58,98,74,3.4,RU,1676248604
51,vaini,-21.2,-175.2,84.36,89,75,6.91,TO,1676248728
52,henties bay,-22.116,14.2845,64.9,86,6,6.87,NA,1676248728
53,saint george,37.1041,-113.5841,59.43,27,0,18.41,US,1676248199
54,upernavik,72.7868,-56.1549,-13.92,94,100,7.14,GL,1676248729
55,rio grande,-32.035,-52.0986,77.11,78,0,17.25,BR,1676248730
56,bontang,0.1333,117.5,74.25,93,100,6.62,ID,1676248730
57,hillsborough,37.5741,-122.3794,63.72,71,20,14.97,US,1676248613
58,chokurdakh,70.6333,147.9167,-36.29,99,85,1.99,RU,1676248731
59,la ronge,55.1001,-105.2842,26.85,74,0,5.75,CA,1676248731
60,khatanga,71.9667,102.5,6.49,96,100,10.29,RU,1676248732
61,hithadhoo,-0.6,73.0833,80.29,69,8,8.9,MV,1676248732
62,dunedin,-45.8742,170.5036,68.81,66,35,5.99,NZ,1676248732
63,tiksi,71.6872,128.8694,-41.8,100,68,3.91,RU,1676248733
64,leningradskiy,69.3833,178.4167,-20.29,92,100,8.81,RU,1676248733
65,ribeira grande,38.5167,-28.7,60.78,81,100,21.0,PT,1676248734
66,santa cruz,-17.8,-63.1667,78.26,83,40,9.22,BO,1676248487
67,san ignacio,17.1561,-89.0714,66.34,88,40,4.61,BZ,1676248734
68,qaanaaq,77.484,-69.3632,-27.0,93,100,5.53,GL,1676248735
69,raufoss,60.7264,10.6172,21.18,95,99,4.45,NO,1676248735
70,verkhnyaya inta,65.9811,60.3094,15.82,85,97,12.48,RU,1676248736
71,punta arenas,-53.15,-70.9167,48.31,61,75,16.11,CL,1676248736
72,ueda,36.4,138.2667,42.01,92,100,3.22,JP,1676248736
73,narsaq,60.9167,-46.05,3.42,75,100,0.78,GL,1676248737
74,port augusta,-32.5,137.7667,74.46,36,0,10.96,AU,1676248737
75,olga,43.7444,135.2892,20.88,60,6,6.78,RU,1676248738
76,saldanha,-33.0117,17.9442,62.83,95,0,6.76,ZA,1676248738
77,muramvya,-3.2682,29.6079,55.98,90,62,0.63,BI,1676248739
78,yerbogachen,61.2767,108.0108,-9.36,100,76,5.23,RU,1676248739
79,jiuquan,39.7432,98.5174,22.75,81,100,3.33,CN,1676248739
80,kruisfontein,-34.0033,24.7314,69.89,80,100,4.5,ZA,1676248740
81,chegutu,-18.1302,30.1407,64.44,92,100,3.2,ZW,1676248740
82,lucapa,-8.4192,20.7447,64.18,97,100,1.25,AO,1676248740
83,victoria,22.2855,114.1577,73.94,93,76,15.01,HK,1676248503
84,ponta do sol,32.6667,-17.1,62.71,71,31,4.03,PT,1676248687
85,bredasdorp,-34.5322,20.0403,72.86,60,63,4.03,ZA,1676248741
86,svetlaya,46.5389,138.3297,17.65,49,55,6.44,RU,1676248742
87,hofn,64.2539,-15.2082,46.31,88,100,34.63,IS,1676248743
88,pryazha,61.6926,33.6216,31.23,86,100,11.1,RU,1676248743
89,quito,-0.2299,-78.5249,52.75,89,100,0.92,EC,1676248534
90,uruzgan,32.8333,66.0,36.28,38,39,6.11,AF,1676248744
91,lima,-12.0432,-77.0282,78.91,77,0,11.5,PE,1676248455
92,kapaa,22.0752,-159.319,77.47,70,20,23.02,US,1676248745
93,san patricio,28.017,-97.5169,62.55,59,83,8.48,US,1676248745
94,bo phloi,14.3236,99.5161,77.22,59,7,3.62,TH,1676248746
95,new norfolk,-42.7826,147.0587,68.92,48,78,5.01,AU,1676248746
96,kosonsoy,41.2561,71.5508,25.36,54,100,4.79,UZ,1676248747
97,sioux lookout,50.1001,-91.917,37.47,70,100,11.5,CA,1676248747
98,ilulissat,69.2167,-51.1,-20.18,63,4,3.44,GL,1676248748
99,walvis bay,-22.9575,14.5053,63.55,82,0,3.44,NA,1676248548
100,hilo,19.7297,-155.09,72.63,100,100,5.75,US,1676248750
101,pisco,-13.7,-76.2167,77.05,78,0,14.97,PE,1676248750
102,carnarvon,-24.8667,113.6333,81.61,60,0,18.59,AU,1676248751
103,trinidad,-14.8333,-64.9,75.07,96,100,3.67,BO,1676248752
104,priiskovyy,51.9333,116.6333,-7.85,94,23,1.88,RU,1676248752
105,sola,-13.8833,167.55,90.27,58,40,9.22,VU,1676248753
106,sibolga,1.7427,98.7792,77.58,81,48,2.62,ID,1676248753
107,ancud,-41.8697,-73.8203,54.45,71,7,10.11,CL,1676248754
108,canatlan,24.5167,-104.7833,58.73,39,94,13.73,MX,1676248754
109,zabid,14.1951,43.3152,72.28,59,5,1.1,YE,1676248755
110,kodiak,57.79,-152.4072,18.91,49,0,20.71,US,1676248755
111,tongling,30.95,117.7833,42.89,89,100,13.53,CN,1676248756
112,kavieng,-2.5744,150.7967,81.46,81,100,11.63,PG,1676248757
113,greenwood,34.1668,-82.1165,44.08,39,78,3.67,US,1676248656
114,san antonio,29.4241,-98.4936,60.55,30,0,5.75,US,1676248476
115,noumea,-22.2763,166.4572,84.18,57,55,13.94,NC,1676248758
116,gubkin,51.2817,37.5458,16.56,91,73,12.88,RU,1676248758
117,poum,-20.2333,164.0167,78.64,62,0,16.89,NC,1676248759
118,yatou,37.15,122.3833,33.51,56,89,23.35,CN,1676248760
119,dikson,73.5069,80.5464,13.66,93,100,23.55,RU,1676248761
120,shellbrook,53.2168,-106.4011,33.03,93,18,6.2,CA,1676248762
121,atuona,-9.8,-139.0333,79.41,76,23,17.09,PF,1676248680
122,fortuna,40.5982,-124.1573,54.93,82,0,12.66,US,1676248763
123,diamantino,-14.4086,-56.4461,76.19,83,99,3.56,BR,1676248763
124,dalvik,65.9702,-18.5286,48.13,85,100,11.25,IS,1676248763
125,kathu,7.9178,98.3332,75.02,75,100,4.25,TH,1676248764
126,castro,-24.7911,-50.0119,64.44,96,100,5.01,BR,1676248638
127,teya,60.3778,92.6267,-18.35,100,100,2.77,RU,1676248765
128,grindavik,63.8424,-22.4338,48.15,100,100,40.29,IS,1676248766
129,taikang,46.8333,124.4167,6.01,77,2,8.08,CN,1676248767
130,asosa,10.0667,34.5333,68.2,33,0,3.51,ET,1676248767
131,severo-kurilsk,50.6789,156.125,23.81,82,100,16.55,RU,1676248768
132,green river,41.5286,-109.4662,30.6,82,0,1.32,US,1676248768
133,malakal,9.5334,31.6605,81.59,16,1,11.43,SS,1676248769
134,mecca,21.4267,39.8261,67.5,68,7,6.73,SA,1676248769
135,oktyabrsk,49.4744,57.4233,7.74,97,39,9.4,KZ,1676248770
136,solnechnyy,50.7214,136.6319,4.39,76,19,2.04,RU,1676248772
137,igarka,67.4667,86.5833,5.72,94,100,19.73,RU,1676248772
138,coihaique,-45.5752,-72.0662,49.95,62,19,8.05,CL,1676248773
139,thunder bay,48.4001,-89.3168,35.58,64,75,3.44,CA,1676248632
140,virginia beach,36.8529,-75.978,55.44,96,100,6.91,US,1676248569
141,roald,62.5833,6.1333,49.33,87,100,20.71,NO,1676248774
142,ahipara,-35.1667,173.1667,64.17,92,100,30.8,NZ,1676248775
143,pangnirtung,66.1451,-65.7125,-31.0,91,20,0.0,CA,1676248775
144,clyde river,70.4692,-68.5914,-30.77,68,0,6.91,CA,1676248776
145,nikolskoye,59.7035,30.7861,35.49,92,100,10.25,RU,1676248777
146,longyearbyen,78.2186,15.6401,21.04,63,20,19.57,SJ,1676248777
147,puerto leguizamo,-0.1934,-74.7819,75.72,83,98,2.15,CO,1676248778
148,duldurga,50.6761,113.5931,6.89,76,2,7.11,RU,1676248778
149,rocha,-34.4833,-54.3333,79.27,45,0,15.5,UY,1676248778
150,jinka,5.65,36.65,63.3,24,1,3.2,ET,1676248779
151,arraial do cabo,-22.9661,-42.0278,76.28,92,100,11.99,BR,1676248779
152,san cristobal,7.7669,-72.225,73.58,80,100,1.36,VE,1676248780
153,tabou,4.423,-7.3528,79.47,88,99,7.43,CI,1676248782
154,qasigiannguit,68.8193,-51.1922,-19.95,88,57,6.08,GL,1676248782
155,balabac,7.9868,117.0645,81.21,74,100,11.03,PH,1676248783
156,kisiwani,-4.1333,37.95,68.9,86,97,4.41,TZ,1676248783
157,szekszard,46.3501,18.709,36.59,87,9,1.99,HU,1676248783
158,college,64.8569,-147.8028,4.59,78,100,0.0,US,1676248784
159,vaghodia,22.3,73.3833,62.46,72,0,3.44,IN,1676248765
160,platanos,37.6667,21.6167,43.45,73,34,7.63,GR,1676248784
161,lufilufi,-13.8745,-171.5986,78.58,73,99,11.01,WS,1676248785
162,portland,45.5234,-122.6762,53.58,74,75,5.99,US,1676248506
163,sao joao da barra,-21.6403,-41.0511,77.09,87,100,10.36,BR,1676248786
164,te anau,-45.4167,167.7167,72.01,46,39,2.37,NZ,1676248786
165,lavrentiya,65.5833,-171.0,-12.21,86,100,5.23,RU,1676248786
166,akhmim,26.5622,31.745,52.0,49,7,10.27,EG,1676248787
167,pitimbu,-7.4706,-34.8086,81.19,81,100,12.62,BR,1676248787
168,illapel,-31.6308,-71.1653,69.85,66,2,4.36,CL,1676248788
169,concordia,-31.393,-58.0209,88.79,37,0,4.0,AR,1676248788
170,wattegama,6.7989,81.4808,65.39,94,2,3.94,LK,1676248789
171,vagur,61.4732,-6.8119,46.44,86,46,27.2,FO,1676248789
172,norman wells,65.282,-126.8329,-9.36,70,100,6.91,CA,1676248790
173,guatire,10.4762,-66.5427,69.4,98,66,3.09,VE,1676248791
174,kizilskoye,52.7255,58.8937,-8.37,99,63,4.5,RU,1676248791
175,dawson creek,55.7666,-120.2362,46.04,53,0,17.27,CA,1676248792
176,vestmanna,62.1564,-7.1664,45.52,93,100,14.97,FO,1676248792
177,melsungen,51.1333,9.55,43.68,93,100,4.61,DE,1676248793
178,fairbanks,64.8378,-147.7164,4.6,77,100,0.0,US,1676248793
179,tuatapere,-46.1333,167.6833,70.92,55,55,5.32,NZ,1676248793
180,atambua,-9.1061,124.8925,78.28,80,86,6.85,ID,1676248794
181,egvekinot,66.3167,-179.1667,-10.35,84,100,10.76,RU,1676248521
182,porosozero,62.7191,32.727,30.42,81,97,13.2,RU,1676248795
183,mahebourg,-20.4081,57.7,77.29,73,40,6.91,MU,1676248795
184,gazli,40.1333,63.45,35.38,54,100,5.14,UZ,1676248796
185,amga,60.8953,131.9608,-15.74,96,99,4.59,RU,1676248796
186,bereda,43.2686,-7.5406,30.15,89,50,1.59,ES,1676248797
187,kirakira,-10.4544,161.9205,85.42,70,24,9.69,SB,1676248797
188,alofi,-19.0595,-169.9187,75.09,94,100,8.05,NU,1676248798
189,umm kaddadah,13.6017,26.6876,64.69,21,57,18.75,SD,1676248799
190,east london,-33.0153,27.9116,75.67,79,55,13.62,ZA,1676248799
191,moree,-29.4667,149.85,87.87,29,0,10.51,AU,1676248800
192,ishigaki,24.3448,124.1572,73.53,94,75,9.22,JP,1676248801
193,southbridge,42.0751,-72.0334,41.27,57,100,3.0,US,1676248802
194,cidreira,-30.1811,-50.2056,77.0,81,0,17.56,BR,1676248803
195,launceston,-41.45,147.1667,69.62,41,13,6.91,AU,1676248804
196,kimbe,-5.5502,150.1429,80.78,82,100,3.2,PG,1676248805
197,biu,10.6129,12.1946,68.52,20,1,9.01,NG,1676248806
198,astana,51.1801,71.446,4.95,85,100,11.18,KZ,1676248806
199,mayskiy,47.6931,40.1025,20.61,89,65,11.21,RU,1676248807
200,ust-tsilma,65.441,52.1498,2.52,97,86,6.17,RU,1676248807
201,praia da vitoria,38.7333,-27.0667,59.76,72,75,19.19,PT,1676248808
202,saint-gaudens,43.0833,0.6667,35.02,55,0,5.03,FR,1676248809
203,faanui,-16.4833,-151.75,82.0,75,53,10.42,PF,1676248809
204,mahanoro,-19.9,48.8,76.21,80,63,3.87,MG,1676248809
205,saint-francois,46.4154,3.9054,24.24,93,0,1.14,FR,1676248804
206,codrington,-38.2667,141.9667,61.9,59,100,10.49,AU,1676248810
207,cherskiy,68.75,161.3,-37.66,97,91,2.42,RU,1676248811
208,butaritari,3.0707,172.7902,79.68,84,51,16.08,KI,1676248811
209,san quintin,30.4833,-115.95,54.5,68,72,8.37,MX,1676248663
210,saint-philippe,-21.3585,55.7679,74.79,80,35,9.95,RE,1676248813
211,westport,41.1415,-73.3579,42.84,63,0,5.75,US,1676248813
212,riyadh,24.6877,46.7219,59.14,39,88,10.16,SA,1676248814
213,arecibo,18.4724,-66.7157,76.37,82,0,11.95,PR,1676248799
214,mutsu,41.2894,141.2169,34.83,73,100,4.76,JP,1676248762
215,trairi,-3.2778,-39.2689,79.74,83,99,9.13,BR,1676248546
216,banepa,27.6298,85.5214,44.13,81,20,0.0,NP,1676248815
217,rondonopolis,-16.4708,-54.6356,72.68,94,100,6.06,BR,1676248815
218,puerto rondon,6.2805,-71.1,82.02,50,100,6.4,CO,1676248816
219,mareeba,-17.0,145.4333,83.48,69,73,7.43,AU,1676248817
220,tsuyama,35.05,134.0,47.23,97,100,3.76,JP,1676248817
221,severnyy,50.677,36.5532,17.64,79,37,11.18,RU,1676248818
222,evensk,61.95,159.2333,-3.51,84,58,7.2,RU,1676248818
223,ahuimanu,21.4447,-157.8378,82.11,69,40,17.27,US,1676248819
224,saskylakh,71.9167,114.0833,-24.61,97,100,11.07,RU,1676248820
225,iranshahr,27.2025,60.6848,59.34,33,0,6.91,IR,1676248820
226,ust-ilimsk,58.0006,102.6619,-12.14,99,20,3.69,RU,1676248821
227,bodden town,19.2833,-81.25,79.0,80,20,6.91,KY,1676248821
228,thompson,55.7435,-97.8558,14.16,85,75,6.91,CA,1676248646
229,pekin,39.9075,116.3972,28.29,37,5,9.53,CN,1676248822
230,santarem,-2.4431,-54.7083,80.73,83,40,4.61,BR,1676248822
231,wajir,1.7471,40.0573,73.29,70,0,12.91,KE,1676248823
232,meulaboh,4.1363,96.1285,77.5,87,98,6.71,ID,1676248824
233,malanje,-9.5402,16.341,64.47,82,100,4.5,AO,1676248824
234,velsk,61.0701,42.0983,18.19,81,100,10.89,RU,1676248825
235,coquimbo,-29.9533,-71.3436,67.73,77,0,6.91,CL,1676248826
236,coahuayana,18.7333,-103.6833,75.07,65,1,3.31,MX,1676248826
237,guayabal de siquima,4.8774,-74.4674,67.46,87,85,3.38,CO,1676248827
238,atbasar,51.8,68.3333,-11.16,100,100,5.1,KZ,1676248827
239,krasnoselkup,65.7,82.4667,3.83,94,100,19.44,RU,1676248828
240,nome,64.5011,-165.4064,-3.93,77,100,10.36,US,1676248828
241,iralaya,15.0,-83.2333,76.3,80,0,12.3,HN,1676248829
242,oistins,13.0667,-59.5333,77.09,73,75,20.71,BB,1676248829
243,yenagoa,4.9247,6.2642,79.18,85,100,5.12,NG,1676248830
244,bengkulu,-3.8004,102.2655,77.09,75,100,3.67,ID,1676248589
245,laguna,38.421,-121.4238,73.69,29,0,14.97,US,1676248831
246,vanimo,-2.6741,141.3028,83.35,75,93,6.53,PG,1676248580
247,fomboni,-12.28,43.7425,81.14,74,100,4.41,KM,1676248832
248,caravelas,-17.7125,-39.2481,75.88,89,46,4.16,BR,1676248832
249,do gonbadan,30.3586,50.7981,51.89,93,100,9.22,IR,1676248834
250,pemangkat,1.1667,108.9667,77.85,83,100,1.34,ID,1676248834
251,kamaishi,39.2667,141.8833,39.24,82,100,2.57,JP,1676248835
252,lebu,-37.6167,-73.65,59.68,92,7,4.94,CL,1676248835
253,takoradi,4.8845,-1.7554,79.0,91,65,5.53,GH,1676248836
254,nantucket,41.2835,-70.0995,41.05,83,75,0.0,US,1676248578
255,thinadhoo,0.5333,72.9333,80.64,69,4,10.6,MV,1676248836
256,conselheiro lafaiete,-20.6603,-43.7861,64.53,94,100,0.34,BR,1676248837
257,kandrian,-6.2167,149.55,83.17,74,100,11.12,PG,1676248837
258,waw,7.7029,27.9953,81.09,26,0,7.9,SS,1676248837
259,puri,19.8,85.85,68.52,34,18,10.58,IN,1676248838
260,hami,42.8,93.45,29.17,74,13,1.39,CN,1676248613
261,necochea,-38.5473,-58.7368,69.37,90,100,4.05,AR,1676248838
262,arroyo,41.6096,-4.7969,42.12,73,0,5.75,ES,1676248839
263,nizwa,22.9333,57.5333,66.24,35,0,1.68,OM,1676248839
264,bhanvad,21.9264,69.7736,66.56,29,0,9.62,IN,1676248840
265,tashara,55.5195,83.5094,17.35,97,100,1.72,RU,1676248841
266,kristiinankaupunki,62.2743,21.376,38.1,87,100,13.29,FI,1676248841
267,honiara,-9.4333,159.95,86.94,64,97,5.93,SB,1676248841
268,lorengau,-2.0226,147.2712,81.43,84,100,6.51,PG,1676248842
269,umm lajj,25.0213,37.2685,67.05,46,100,11.18,SA,1676248842
270,ixtapa,20.7,-105.2,78.03,73,0,10.36,MX,1676248843
271,labuhan,-6.8844,112.2051,76.96,84,100,7.05,ID,1676248843
272,gazanjyk,39.2446,55.5154,35.19,55,97,3.04,TM,1676248843
273,sitka,57.0531,-135.33,42.69,75,100,9.22,US,1676248844
274,acajutla,13.5928,-89.8275,81.07,53,4,13.33,SV,1676248845
275,washington,47.5001,-120.5015,46.18,62,100,2.08,US,1676248845
276,hovd,48.0056,91.6419,1.58,90,73,1.39,MN,1676248845
277,margate,51.3813,1.3862,43.7,76,0,1.99,GB,1676248846
278,banda aceh,5.5577,95.3222,78.49,81,100,4.09,ID,1676248846
279,tazovskiy,67.4667,78.7,8.58,92,100,18.5,RU,1676248847
280,uaua,-9.8414,-39.4817,77.58,67,65,16.24,BR,1676248847
281,korla,41.7597,86.1469,28.83,83,8,3.44,CN,1676248848
282,araouane,18.9048,-3.5265,76.89,15,98,11.03,ML,1676248848
283,russell,32.3502,-85.1999,46.0,81,100,0.0,US,1676248614
284,paamiut,61.994,-49.6678,-7.22,94,65,11.77,GL,1676248849
285,luangwa,-15.6167,30.4167,71.42,96,95,1.7,ZM,1676248850
286,lasa,46.6166,10.7002,40.08,67,8,1.97,IT,1676248850
287,husavik,66.0449,-17.3389,33.96,80,100,15.46,IS,1676248850
288,flinders,-34.5833,150.8552,73.18,77,100,4.0,AU,1676248851
289,nouakchott,18.0858,-15.9785,72.12,50,100,11.97,MR,1676248851
290,victor harbor,-35.5667,138.6167,67.68,65,52,11.65,AU,1676248852
291,acapulco,16.8634,-99.8901,82.22,74,0,6.91,MX,1676248620
292,kununurra,-15.7667,128.7333,82.38,83,52,4.61,AU,1676248852
293,smithers,54.7804,-127.1743,37.72,93,100,6.91,CA,1676248830
294,salalah,17.0151,54.0924,66.29,55,0,1.14,OM,1676248854
295,hilpoltstein,49.19,11.1886,32.92,99,50,3.29,DE,1676248854
296,moerai,-22.4333,-151.3333,81.16,72,100,8.19,PF,1676248855
297,okha,53.5739,142.9478,-8.91,95,45,9.17,RU,1676248855
298,kamenka,51.3223,42.7678,23.02,96,100,8.9,RU,1676248856
299,macklin,52.3334,-109.9348,28.74,89,86,6.02,CA,1676248856
300,north bend,43.4065,-124.2243,56.25,78,0,5.75,US,1676248856
301,kouango,4.9934,19.9619,80.58,27,100,2.53,CF,1676248857
302,port macquarie,-31.4333,152.9167,77.9,74,88,16.82,AU,1676248857
303,rio gallegos,-51.6226,-69.2181,55.45,44,75,5.75,AR,1676248819
304,faya,18.3851,42.4509,59.52,34,0,4.59,SA,1676248858
305,lakatoro,-16.0999,167.4164,80.08,89,100,14.97,VU,1676248859
306,changji,44.0167,87.3167,14.79,85,29,2.24,CN,1676248859
307,dondo,-19.6094,34.7431,78.31,96,90,2.59,MZ,1676248859
308,hasaki,35.7333,140.8333,50.4,87,100,19.37,JP,1676248760
309,tasiilaq,65.6145,-37.6368,19.56,65,100,9.53,GL,1676248860
310,rorvik,64.8621,11.2373,41.11,93,100,14.97,NO,1676248860
311,beidao,34.5686,105.8933,31.69,93,100,6.29,CN,1676248861
312,santa vitoria do palmar,-33.5189,-53.3681,75.79,68,0,15.84,BR,1676248668
313,puerto narino,-3.7703,-70.3831,74.28,97,92,1.61,CO,1676248862
314,ajaccio,42.0,8.9167,39.25,87,0,8.05,FR,1676248862
315,yangambi,0.8102,24.4336,73.45,69,16,3.04,CD,1676248863
316,beringovskiy,63.05,179.3167,-16.33,84,88,5.99,RU,1676248863
317,constitucion,-35.3333,-72.4167,59.52,81,0,7.52,CL,1676248750
318,matara,5.9485,80.5353,71.67,92,22,8.66,LK,1676248864
319,baindur,13.8667,74.6333,74.41,42,12,4.56,IN,1676248865
320,magam,34.0833,74.5833,28.62,57,0,1.21,IN,1676248865
321,bubaque,11.2833,-15.8333,74.17,77,45,18.52,GW,1676248866
322,port blair,11.6667,92.75,71.64,94,100,0.0,IN,1676248866
323,muzhi,65.3667,64.6667,9.3,95,100,7.16,RU,1676248867
324,geraldton,-28.7667,114.6,73.81,68,0,9.22,AU,1676248867
325,pacific grove,36.6177,-121.9166,60.48,81,20,8.01,US,1676248868
326,umba,66.6871,34.3429,29.14,81,37,15.88,RU,1676248868
327,karratha,-20.7377,116.8463,90.45,55,8,11.25,AU,1676248869
328,chishtian mandi,29.8,72.8667,47.37,19,0,5.48,PK,1676248869
329,mar del plata,-38.0023,-57.5575,71.1,94,100,18.41,AR,1676248870
330,talnakh,69.4865,88.3972,5.97,94,100,13.2,RU,1676248870
331,sinnamary,5.3833,-52.95,76.44,90,100,11.01,GF,1676248871
332,ambam,2.3833,11.2833,70.09,97,65,3.4,CM,1676248871
333,lensk,60.7253,114.9278,6.08,95,100,6.93,RU,1676248872
334,mana,5.6592,-53.7767,75.76,91,97,10.6,GF,1676248873
335,kawambwa,-9.7915,29.0791,63.16,97,100,2.95,ZM,1676248873
336,big spring,32.2504,-101.4787,63.05,22,40,5.75,US,1676248820
337,katsuura,35.1333,140.3,48.22,88,100,8.84,JP,1676248874
338,dareda,-4.2167,35.55,57.76,74,100,3.42,TZ,1676248874
339,jalu,29.0331,21.5482,49.42,52,0,8.25,LY,1676248875
340,millinocket,45.6573,-68.7098,33.91,69,100,0.0,US,1676248835
341,isa khel,36.6702,68.8443,41.32,50,100,0.89,AF,1676248875
342,jardim,-21.4803,-56.1381,72.81,94,21,5.75,BR,1676248876
343,abu kamal,34.4506,40.9171,43.48,54,1,7.47,SY,1676248877
344,prince rupert,54.3161,-130.3201,44.29,85,100,21.85,CA,1676248815
345,lazaro cardenas,17.9583,-102.2,78.33,64,0,7.78,MX,1676248879
346,beaufort,5.3473,115.7455,80.24,74,100,1.45,MY,1676248879
347,buala,-8.145,159.5921,86.13,70,33,5.57,SB,1676248880
348,vrangel,42.7297,133.0839,23.58,58,0,12.15,RU,1676248881
349,mantua,45.1667,10.7833,42.04,79,0,4.79,IT,1676248881
350,bambanglipuro,-7.95,110.2833,78.76,80,100,5.59,ID,1676248881
351,vila franca do campo,37.7167,-25.4333,57.61,88,100,9.82,PT,1676248882
352,natal,-5.795,-35.2094,81.25,78,75,10.36,BR,1676248868
353,zhigansk,66.7697,123.3711,-46.08,100,55,4.45,RU,1676248883
354,aklavik,68.2191,-135.0107,-29.83,98,59,5.88,CA,1676248883
355,adre,13.4667,22.2,66.99,19,14,18.21,TD,1676248884
356,guerrero negro,27.9769,-114.0611,58.71,53,4,13.67,MX,1676248884
357,mount hagen,-5.8581,144.2274,71.33,69,100,2.62,PG,1676248885
358,sampit,-2.5333,112.95,74.41,97,100,1.63,ID,1676248885
359,itaquyry,-24.9333,-55.2167,77.92,74,0,5.79,PY,1676248886
360,jumla,29.2747,82.1838,36.52,25,0,6.2,NP,1676248886
361,nanortalik,60.1432,-45.2371,19.89,66,100,11.59,GL,1676248887
362,letterkenny,54.95,-7.7333,40.73,91,3,9.82,IE,1676248887
363,palu,-0.8917,119.8707,80.69,78,100,4.34,ID,1676248888
364,marzuq,14.4,46.4667,58.33,8,5,5.14,YE,1676248889
365,avera,33.194,-82.5271,47.37,86,100,9.31,US,1676248889
366,miyang,24.4042,103.4428,54.27,44,0,1.12,CN,1676248889
367,canyon lake,29.8752,-98.2625,58.26,39,81,1.01,US,1676248890
368,mukhen,48.1,136.1,7.3,81,77,7.52,RU,1676248891
369,humaita,-7.5061,-63.0208,75.22,95,97,0.2,BR,1676248891
370,xinyang,32.1228,114.0656,35.64,96,100,16.6,CN,1676248891
371,mnogovershinnyy,53.9353,139.9242,-3.95,83,17,2.77,RU,1676248892
372,pucallpa,-8.3791,-74.5539,82.44,74,40,3.44,PE,1676248892
373,ayagoz,47.9714,80.4392,-13.04,100,92,3.2,KZ,1676248893
374,khovu-aksy,51.1333,93.6,1.81,91,100,3.69,RU,1676248893
375,mikhaylovskaya,44.9947,40.5964,26.04,95,100,9.57,RU,1676248894
376,harer,9.3094,42.1258,54.82,38,0,3.44,ET,1676248895
377,mayo,38.8876,-76.5119,39.36,89,100,13.8,US,1676248895
378,rafaela,-31.2503,-61.4867,91.98,27,2,1.99,AR,1676248896
379,cayenne,4.9333,-52.3333,75.24,100,100,4.61,GF,1676248758
380,soluno-dmitriyevskoye,44.4031,42.7278,20.75,95,100,4.21,RU,1676248896
381,zeya,53.75,127.2667,8.47,76,100,6.67,RU,1676248897
382,leh,34.1667,77.5833,-8.48,59,13,4.12,IN,1676248897
383,chuy,-33.6971,-53.4616,76.01,65,0,15.32,UY,1676248898
384,nouadhibou,20.931,-17.0347,64.38,82,100,4.61,MR,1676248898
385,kisangani,0.5167,25.2,75.07,71,68,3.38,CD,1676248898
386,sancti spiritus,21.9297,-79.4425,72.28,81,45,8.61,CU,1676248899
387,basoko,1.2391,23.616,78.3,56,100,4.23,CD,1676248899
388,inverness,57.4791,-4.224,42.98,70,75,8.05,GB,1676248900
389,cururupu,-1.8283,-44.8683,75.97,92,100,3.51,BR,1676248900
390,seminole,28.7086,-81.2081,61.25,74,75,16.11,US,1676248901
391,kargasok,59.0556,80.8572,-5.28,100,98,4.76,RU,1676248901
392,santa rosa,14.3122,121.1114,83.01,68,5,8.95,PH,1676248569
393,hualmay,-11.0964,-77.6139,73.15,83,100,7.25,PE,1676248902
394,tabat,-2.635,115.2274,73.35,98,100,0.89,ID,1676248902
395,broome,42.2506,-75.833,39.99,62,100,1.01,US,1676248902
396,canico,32.6333,-16.85,62.71,84,75,5.75,PT,1676248903
397,touros,-5.1989,-35.4608,80.47,79,100,14.27,BR,1676248903
398,ferrara,44.8,11.8333,37.06,80,1,2.33,IT,1676248904
399,jalingo,8.8833,11.3667,74.48,18,2,5.1,NG,1676248904
400,banikoara,11.2985,2.4386,75.34,13,0,6.08,BJ,1676248905
401,dingle,10.9995,122.6711,79.81,76,49,11.01,PH,1676248905
402,moron,-34.6534,-58.6198,94.89,36,0,10.58,AR,1676248905
403,massakory,12.996,15.7293,71.58,18,5,17.45,TD,1676248906
404,vaitape,-16.5167,-151.75,82.0,75,48,10.33,PF,1676248906
405,nowy dwor gdanski,54.2131,19.1177,40.77,91,100,8.1,PL,1676248907
406,sur,22.5667,59.5289,69.22,55,4,4.47,OM,1676248907
407,tura,25.5198,90.2201,54.1,44,0,1.25,IN,1676248816
408,bagalkot,16.1833,75.7,67.93,35,10,7.25,IN,1676248673
409,goderich,43.7501,-81.7165,37.72,60,0,4.61,CA,1676248684
410,ahlat,38.7518,42.4814,11.43,93,93,3.22,TR,1676248908
411,pathein,16.7833,94.7333,72.37,74,11,6.6,MM,1676248909
412,muroto,33.2833,134.15,55.24,88,100,12.08,JP,1676248909
413,san jose,37.3394,-121.895,65.88,41,20,12.66,US,1676248253
414,savinka,50.0785,47.0994,28.9,97,100,11.32,RU,1676248910
415,hamilton,39.1834,-84.5333,45.0,40,0,0.0,US,1676248909
416,khandyga,62.6667,135.6,-33.32,91,56,2.08,RU,1676248910
417,berlevag,70.8578,29.0864,35.6,86,40,27.63,NO,1676248911
418,znamenskoye,57.1281,73.8282,-16.29,100,83,3.53,RU,1676248911
419,caohai,26.8661,104.2841,36.36,82,98,5.91,CN,1676248912
420,akyab,20.15,92.9,66.61,67,0,8.12,MM,1676248912
421,pandan,14.0453,124.1694,80.49,70,20,12.64,PH,1676248912
422,nicoya,10.1483,-85.452,77.5,64,5,17.4,CR,1676248913
423,puerto del rosario,28.5004,-13.8627,65.95,63,100,4.61,ES,1676248913
424,beloha,-25.1667,45.05,74.8,80,0,7.52,MG,1676248914
425,gao,16.6362,1.637,73.67,17,0,12.68,ML,1676248914
426,ukiah,39.1502,-123.2078,71.49,35,0,5.75,US,1676248915
427,gizo,-8.103,156.8419,85.28,68,100,6.87,SB,1676248915
428,asyut,27.181,31.1837,48.38,54,3,10.16,EG,1676248854
429,luena,-11.7833,19.9167,61.02,98,99,4.27,AO,1676248916
430,lata,40.1629,-8.3327,56.8,71,92,6.71,PT,1676248916
431,borovoy,55.4333,86.0833,6.08,78,0,4.47,RU,1676248916
432,yumen,40.2833,97.2,23.67,62,100,0.67,CN,1676248917
433,nisko,50.5199,22.1397,32.86,82,100,5.01,PL,1676248745
434,vila velha,-20.3297,-40.2925,78.75,91,0,13.8,BR,1676248917
435,harnosand,62.6323,17.9379,41.02,77,100,15.43,SE,1676248918
436,pevek,69.7008,170.3133,-26.16,97,99,3.47,RU,1676248918
437,nishihara,26.1842,127.7558,73.06,91,40,17.27,JP,1676248919
438,dali,25.7,100.1833,43.36,62,3,3.96,CN,1676248684
439,broken hill,-31.95,141.4333,71.83,31,60,15.55,AU,1676248919
440,itarema,-2.9248,-39.9167,80.19,81,73,13.24,BR,1676248920
441,dasoguz,41.8363,59.9666,21.15,49,0,9.22,TM,1676248920
442,bambous virieux,-20.3428,57.7575,77.25,73,40,6.91,MU,1676248921
443,lompoc,34.6391,-120.4579,62.02,76,0,17.27,US,1676248921
444,shima,24.4478,117.8111,64.42,84,14,2.28,CN,1676248922
445,alugan,12.2188,125.4808,79.32,85,91,14.54,PH,1676248922
446,locri,38.2414,16.2623,45.32,73,100,4.36,IT,1676248923
447,fukue,32.6881,128.8419,52.16,93,75,16.11,JP,1676248924
448,davila,18.4726,120.5763,73.38,69,0,5.1,PH,1676248924
449,yerofey pavlovich,53.9667,121.9667,-1.52,83,89,2.13,RU,1676248925
450,airai,-8.9266,125.4092,68.25,74,86,4.68,TL,1676248925
451,lively,46.4334,-81.1498,35.02,79,87,4.09,CA,1676248926
452,mitchell,43.7094,-98.0298,35.58,75,0,5.75,US,1676248926
453,shaowu,27.3409,117.4831,56.93,97,100,4.18,CN,1676248927
454,sabang,5.8933,95.3214,80.58,78,100,6.62,ID,1676248927
455,ifanadiana,-21.3,47.6333,67.96,97,58,0.92,MG,1676248928
456,middelburg,-25.7751,29.4648,63.99,81,98,5.86,ZA,1676248928
457,alyangula,-13.8483,136.4192,80.4,85,100,10.87,AU,1676248929
458,kavaratti,10.5669,72.642,79.7,74,21,6.58,IN,1676248929
459,florianopolis,-27.6146,-48.5012,76.62,81,75,6.91,BR,1676248659
460,saint-honore,48.5334,-71.0824,24.82,58,99,5.75,CA,1676248930
461,rio brilhante,-21.8019,-54.5464,70.23,95,47,7.05,BR,1676248931
462,antsohihy,-14.8796,47.9875,71.42,94,24,4.05,MG,1676248931
463,smidovich,48.6,133.8167,1.29,82,3,8.97,RU,1676248931
464,clarence town,-32.5833,151.7833,76.91,58,99,8.57,AU,1676248932
465,ondangwa,-17.9167,15.95,78.8,24,88,8.05,NA,1676248932
466,utete,-7.986,38.758,73.72,93,100,3.06,TZ,1676248933
467,otjiwarongo,-20.4637,16.6477,67.77,41,49,10.8,NA,1676248933
468,oktyabrskiy,54.4815,53.471,15.66,93,100,8.81,RU,1676248934
469,mandalgovi,45.7625,106.2708,5.41,69,0,7.99,MN,1676248934
470,biak,-0.9131,122.8766,83.03,65,100,2.57,ID,1676248935
471,santa rosalia,27.3167,-112.2833,60.96,55,85,3.76,MX,1676248935
472,carlisle,40.2015,-77.1889,42.84,52,100,4.09,US,1676248936
473,humberto de campos,-2.5983,-43.4611,76.82,86,45,6.46,BR,1676248936
474,ilanskiy,56.2358,96.065,-16.53,100,100,2.66,RU,1676248937
475,anadyr,64.75,177.4833,-23.3,69,0,8.95,RU,1676248938
476,falun,60.6036,15.626,39.61,96,100,2.82,SE,1676248938
477,darasti-ilfov,44.3089,26.0183,35.04,80,38,6.2,RO,1676248938
478,bundaberg,-24.85,152.35,92.21,66,0,3.0,AU,1676248939
479,saint-raymond,45.467,-73.6095,33.91,78,100,3.44,CA,1676248940
480,taoudenni,22.6783,-3.9836,70.59,27,100,17.27,ML,1676248941
481,smolenskoye,52.3044,85.0781,15.78,96,100,3.87,RU,1676248941
482,olafsvik,64.8945,-23.7142,44.55,94,100,35.97,IS,1676248942
483,khilok,51.3674,110.4676,0.63,88,10,3.29,RU,1676248942
484,carballo,43.213,-8.691,51.78,61,100,4.47,ES,1676248943
485,doha,25.2867,51.5333,67.89,86,0,10.36,QA,1676248943
486,cisaat,-6.2923,105.9717,73.54,89,100,7.25,ID,1676248944
487,male,4.1748,73.5089,78.75,78,20,6.91,MV,1676248944
488,abaza,52.655,90.0928,15.98,96,100,2.15,RU,1676248945
489,seoul,37.5683,126.9778,40.6,79,0,4.61,KR,1676248945
490,kamien pomorski,53.9685,14.7726,44.76,88,99,12.46,PL,1676248946
491,ulaangom,49.9811,92.0667,-7.65,99,100,1.77,MN,1676248946
492,almaznyy,48.0448,40.045,20.07,91,97,14.7,RU,1676248947
493,jetpur,21.7333,70.6167,65.3,26,0,7.9,IN,1676248947
494,camacha,33.0833,-16.3333,60.22,82,40,8.05,PT,1676248947
495,fougamou,-1.2154,10.5838,73.13,97,100,1.12,GA,1676248948
496,villazon,-22.0866,-65.5942,52.41,73,100,9.57,BO,1676248949
497,kaniv,49.7518,31.46,22.14,88,19,8.1,UA,1676248949
498,port hedland,-20.3167,118.5667,89.65,74,40,8.05,AU,1676248950
499,mitsamiouli,-11.3847,43.2844,79.9,76,100,3.13,KM,1676248951
500,grand-lahou,5.1367,-5.0242,79.5,88,56,8.99,CI,1676248951
501,podor,16.6527,-14.9587,80.55,54,0,2.3,MR,1676248952
502,saint-augustin,51.226,-58.6502,10.02,95,100,6.62,CA,1676248952
503,atenco,19.8858,-97.9258,52.83,87,27,0.07,MX,1676248953
504,staunton,38.1496,-79.0717,34.52,76,100,9.22,US,1676248953
505,salym,60.0625,71.4789,-0.06,96,99,8.01,RU,1676248954
506,khuzhir,53.1939,107.3397,3.43,85,7,2.04,RU,1676248954
507,naze,28.3667,129.4833,70.72,84,36,21.97,JP,1676248955
508,dalian,38.9122,121.6022,30.85,37,20,15.66,CN,1676248955
509,nisia floresta,-6.0911,-35.2086,81.41,81,96,10.33,BR,1676248955
510,xinglongshan,43.9561,125.4661,4.75,85,7,0.0,CN,1676248956
511,pedasi,7.5333,-80.0333,75.07,75,24,24.23,PA,1676248956
512,kannur,11.8675,75.3576,70.02,62,24,4.79,IN,1676248957
513,verkhoyansk,67.5447,133.385,-54.0,98,62,2.04,RU,1676248957
514,sao jose da coroa grande,-8.8978,-35.1478,79.09,81,100,10.71,BR,1676248958
515,aykhal,66.0,111.5,-10.07,100,100,9.01,RU,1676248958
516,sexsmith,55.35,-118.786,36.75,93,40,6.91,CA,1676248958
517,sirsa,29.5333,75.0167,43.65,35,0,8.3,IN,1676248959
518,tuktoyaktuk,69.4541,-133.0374,-34.6,67,20,0.0,CA,1676248959
519,jiwani,25.05,61.7417,70.12,60,28,2.35,PK,1676248960
520,domna,51.8971,113.1573,6.96,56,7,2.24,RU,1676248961
521,colomi,-17.35,-65.8667,64.42,90,100,4.0,BO,1676248962
522,erenhot,43.6475,111.9767,12.88,46,0,7.43,CN,1676248962
523,manaus,-3.1019,-60.025,79.3,89,0,1.14,BR,1676248962
524,tianpeng,30.9866,103.9393,49.64,72,100,3.0,CN,1676248963
525,dothan,31.2232,-85.3905,51.84,85,0,0.0,US,1676248963
526,osoyoos,49.0331,-119.4524,39.96,70,100,6.91,CA,1676248621
527,pondicherry,11.93,79.83,68.68,74,1,3.85,IN,1676248766
528,zhanaozen,43.3,52.8,28.33,37,1,8.59,KZ,1676248880
529,asuncion nochixtlan,17.4667,-97.2333,53.24,67,0,5.68,MX,1676248965
530,waddan,29.1614,16.139,53.17,65,100,14.34,LY,1676248966
531,vestmannaeyjar,63.4427,-20.2734,47.88,87,100,37.65,IS,1676248966
532,tres passos,-27.4556,-53.9319,75.97,54,0,5.06,BR,1676248967
533,srednekolymsk,67.45,153.6833,-33.68,99,65,1.81,RU,1676248967
534,vardo,70.3705,31.1107,31.98,86,100,31.07,NO,1676248968
535,olmos,-5.9847,-79.7453,81.66,60,66,4.34,PE,1676248968
536,hinton,53.4001,-117.5857,33.64,83,95,9.95,CA,1676248968
537,qaqortoq,60.7167,-46.0333,10.15,76,100,0.38,GL,1676248969
538,inta,66.0317,60.1659,15.93,86,98,14.58,RU,1676248970
539,elko,41.0002,-115.5012,37.42,81,3,1.03,US,1676248970
540,son la,21.3167,103.9,63.88,41,0,2.42,VN,1676248971
541,tecoanapa,16.5167,-98.75,79.41,71,0,7.61,MX,1676248971
542,brockville,44.5834,-75.6826,33.73,84,10,1.3,CA,1676248972
543,ust-nera,64.5667,143.2,-27.53,99,98,1.68,RU,1676248972
544,cairns,-16.9167,145.7667,88.11,71,40,4.61,AU,1676248973
545,los llanos de aridane,28.6585,-17.9182,56.95,59,0,8.05,ES,1676248973
546,suntar,62.1444,117.6319,-43.38,100,56,0.78,RU,1676248973
547,bara,10.3744,10.7288,70.97,21,0,9.08,NG,1676248974
548,porto murtinho,-21.6989,-57.8825,73.47,95,13,5.48,BR,1676248974
549,kisanga,-7.4362,37.7034,72.43,94,95,1.95,TZ,1676248975
550,moss vale,-34.55,150.3833,65.16,79,100,4.07,AU,1676248975
551,aljezur,37.3191,-8.8033,55.13,80,88,17.11,PT,1676248976
552,kholodnyy,62.7167,147.95,-23.89,98,98,2.8,RU,1676248976
553,eloy,32.7559,-111.5548,76.86,43,0,20.71,US,1676248951
554,thessalon,46.2501,-83.5666,34.09,99,44,2.75,CA,1676248976
555,wabrzezno,53.2799,18.9477,38.55,93,75,10.76,PL,1676248977
556,jawhar,2.7809,45.5005,70.65,86,0,10.33,SO,1676248977
557,clinton,42.587,-82.9199,44.92,59,20,6.91,US,1676248978
558,roebourne,-20.7833,117.1333,90.32,56,11,10.0,AU,1676248979
559,bilibino,68.0546,166.4372,-17.19,93,100,1.61,RU,1676248828
560,namibe,-15.1961,12.1522,71.15,76,61,6.33,AO,1676248979
561,beyneu,45.3167,55.2,22.59,62,8,9.28,KZ,1676248980
562,ornskoldsvik,63.2909,18.7153,32.95,93,100,4.61,SE,1676248980
563,paithan,19.4833,75.3833,58.68,28,67,5.39,IN,1676248981
564,cravo norte,6.3017,-70.2041,86.63,39,100,5.64,CO,1676248981
565,tramandai,-29.9847,-50.1336,76.77,81,1,16.87,BR,1676248960
566,maryville,35.7565,-83.9705,43.0,95,100,3.44,US,1676248935
567,bose,45.4612,8.0137,42.73,63,0,3.04,IT,1676248982
568,lucea,18.451,-78.1736,78.66,74,8,5.61,JM,1676248982
569,peleduy,59.6289,112.7406,8.55,94,100,8.19,RU,1676248983
570,kismayo,-0.3582,42.5454,76.26,81,1,15.48,SO,1676248983
571,uberlandia,-18.9186,-48.2772,74.41,73,0,8.05,BR,1676248895
572,alice springs,-23.7,133.8833,89.15,40,0,17.27,AU,1676248767
573,bull savanna,17.8868,-77.5902,73.35,76,40,8.59,JM,1676248985
574,orotukan,62.2667,151.7,-24.75,97,100,1.57,RU,1676248985
575,hecun,36.5333,114.1111,33.08,84,100,7.2,CN,1676248986
576,kayerkan,69.3497,87.7602,7.0,88,100,21.79,RU,1676248986
577,peringat,6.0333,102.2833,73.35,100,20,0.0,MY,1676248986
578,namatanai,-3.6667,152.4333,79.79,85,100,10.49,PG,1676248987
579,mizdah,31.4451,12.9801,44.38,79,88,5.26,LY,1676248987
580,bafra,41.5678,35.9069,43.72,87,100,11.43,TR,1676248988
581,doctor juan manuel frutos,-25.3667,-55.8,78.46,67,0,7.31,PY,1676248989
582,chilca,-12.5211,-76.7372,74.73,83,100,7.52,PE,1676248989
583,sile,41.1754,29.6133,43.57,67,100,4.0,TR,1676248990
584,sao filipe,14.8961,-24.4956,70.72,79,100,7.02,CV,1676248990
585,vila praia de ancora,41.811,-8.8526,51.35,62,100,8.16,PT,1676248991
586,santa maria,-29.6842,-53.8069,78.1,57,0,2.3,BR,1676248991
587,kieta,-6.2167,155.6333,83.97,73,100,6.76,PG,1676248992
588,nhulunbuy,-12.2333,136.7667,83.01,83,75,10.36,AU,1676248992
589,bathsheba,13.2167,-59.5167,77.61,73,75,20.71,BB,1676248993
590,salekhard,66.53,66.6019,2.3,98,100,7.85,RU,1676248993
591,wanning,18.8003,110.3967,77.16,83,12,10.45,CN,1676248994
592,kunashak,55.7032,61.5498,-3.5,100,97,4.83,RU,1676248994
593,steamboat springs,40.485,-106.8317,30.76,68,0,1.01,US,1676248995
594,hirado,33.3597,129.5531,50.4,85,100,27.34,JP,1676248996
595,aksarka,66.5606,67.7975,8.94,94,100,14.9,RU,1676248996
596,bagotville,-28.9833,153.4167,81.86,85,51,11.56,AU,1676248997
597,general artigas,-26.9333,-56.2167,84.79,48,0,8.86,PY,1676248997
598,klyuchi,52.2667,79.1667,-5.96,100,93,5.97,RU,1676248998
599,kutum,14.2,24.6667,58.59,24,29,8.08,SD,1676248998
